date,trailName,bike,pedestrian,id
9/22/2020 15:00,Fremont Bridge,252,,1
9/22/2020 16:00,Fremont Bridge,330,,1
9/22/2020 17:00,Fremont Bridge,454,,1
9/22/2020 18:00,Fremont Bridge,376,,1
9/22/2020 19:00,Fremont Bridge,150,,1
9/22/2020 20:00,Fremont Bridge,80,,1
9/22/2020 21:00,Fremont Bridge,48,,1
9/22/2020 22:00,Fremont Bridge,16,,1
9/22/2020 23:00,Fremont Bridge,22,,1
9/23/2020 0:00,Fremont Bridge,5,,1
9/23/2020 1:00,Fremont Bridge,2,,1
9/23/2020 2:00,Fremont Bridge,2,,1
9/23/2020 3:00,Fremont Bridge,2,,1
9/23/2020 4:00,Fremont Bridge,6,,1
9/23/2020 5:00,Fremont Bridge,17,,1
9/23/2020 6:00,Fremont Bridge,46,,1
9/23/2020 7:00,Fremont Bridge,91,,1
9/23/2020 8:00,Fremont Bridge,118,,1
9/23/2020 9:00,Fremont Bridge,53,,1
9/23/2020 10:00,Fremont Bridge,37,,1
9/23/2020 11:00,Fremont Bridge,33,,1
9/23/2020 12:00,Fremont Bridge,17,,1
9/23/2020 13:00,Fremont Bridge,30,,1
9/23/2020 14:00,Fremont Bridge,40,,1
9/23/2020 15:00,Fremont Bridge,74,,1
9/23/2020 16:00,Fremont Bridge,68,,1
9/23/2020 17:00,Fremont Bridge,89,,1
9/23/2020 18:00,Fremont Bridge,58,,1
9/23/2020 19:00,Fremont Bridge,39,,1
9/23/2020 20:00,Fremont Bridge,20,,1
9/23/2020 21:00,Fremont Bridge,19,,1
9/23/2020 22:00,Fremont Bridge,12,,1
9/23/2020 23:00,Fremont Bridge,6,,1
9/24/2020 0:00,Fremont Bridge,9,,1
9/24/2020 1:00,Fremont Bridge,0,,1
9/24/2020 2:00,Fremont Bridge,0,,1
9/24/2020 3:00,Fremont Bridge,1,,1
9/24/2020 4:00,Fremont Bridge,2,,1
9/24/2020 5:00,Fremont Bridge,15,,1
9/24/2020 6:00,Fremont Bridge,38,,1
9/24/2020 7:00,Fremont Bridge,76,,1
9/24/2020 8:00,Fremont Bridge,100,,1
9/24/2020 9:00,Fremont Bridge,51,,1
9/24/2020 10:00,Fremont Bridge,24,,1
9/24/2020 11:00,Fremont Bridge,23,,1
9/24/2020 12:00,Fremont Bridge,28,,1
9/24/2020 13:00,Fremont Bridge,41,,1
9/24/2020 14:00,Fremont Bridge,64,,1
9/24/2020 15:00,Fremont Bridge,107,,1
9/24/2020 16:00,Fremont Bridge,123,,1
9/24/2020 17:00,Fremont Bridge,223,,1
9/24/2020 18:00,Fremont Bridge,179,,1
9/24/2020 19:00,Fremont Bridge,87,,1
9/24/2020 20:00,Fremont Bridge,44,,1
9/24/2020 21:00,Fremont Bridge,18,,1
9/24/2020 22:00,Fremont Bridge,24,,1
9/24/2020 23:00,Fremont Bridge,6,,1
9/25/2020 0:00,Fremont Bridge,11,,1
9/25/2020 1:00,Fremont Bridge,2,,1
9/25/2020 2:00,Fremont Bridge,0,,1
9/25/2020 3:00,Fremont Bridge,2,,1
9/25/2020 4:00,Fremont Bridge,5,,1
9/25/2020 5:00,Fremont Bridge,14,,1
9/25/2020 6:00,Fremont Bridge,27,,1
9/25/2020 7:00,Fremont Bridge,45,,1
9/25/2020 8:00,Fremont Bridge,57,,1
9/25/2020 9:00,Fremont Bridge,34,,1
9/25/2020 10:00,Fremont Bridge,23,,1
9/25/2020 11:00,Fremont Bridge,24,,1
9/25/2020 12:00,Fremont Bridge,27,,1
9/25/2020 13:00,Fremont Bridge,27,,1
9/25/2020 14:00,Fremont Bridge,46,,1
9/25/2020 15:00,Fremont Bridge,51,,1
9/25/2020 16:00,Fremont Bridge,140,,1
9/25/2020 17:00,Fremont Bridge,187,,1
9/25/2020 18:00,Fremont Bridge,160,,1
9/25/2020 19:00,Fremont Bridge,102,,1
9/25/2020 20:00,Fremont Bridge,35,,1
9/25/2020 21:00,Fremont Bridge,34,,1
9/25/2020 22:00,Fremont Bridge,27,,1
9/25/2020 23:00,Fremont Bridge,15,,1
9/26/2020 0:00,Fremont Bridge,4,,1
9/26/2020 1:00,Fremont Bridge,6,,1
9/26/2020 2:00,Fremont Bridge,1,,1
9/26/2020 3:00,Fremont Bridge,1,,1
9/26/2020 4:00,Fremont Bridge,2,,1
9/26/2020 5:00,Fremont Bridge,6,,1
9/26/2020 6:00,Fremont Bridge,24,,1
9/26/2020 7:00,Fremont Bridge,36,,1
9/26/2020 8:00,Fremont Bridge,86,,1
9/26/2020 9:00,Fremont Bridge,110,,1
9/26/2020 10:00,Fremont Bridge,144,,1
9/26/2020 11:00,Fremont Bridge,233,,1
9/26/2020 12:00,Fremont Bridge,211,,1
9/26/2020 13:00,Fremont Bridge,237,,1
9/26/2020 14:00,Fremont Bridge,204,,1
9/26/2020 15:00,Fremont Bridge,189,,1
9/26/2020 16:00,Fremont Bridge,185,,1
9/26/2020 17:00,Fremont Bridge,163,,1
9/26/2020 18:00,Fremont Bridge,104,,1
9/26/2020 19:00,Fremont Bridge,65,,1
9/26/2020 20:00,Fremont Bridge,55,,1
9/26/2020 21:00,Fremont Bridge,32,,1
9/26/2020 22:00,Fremont Bridge,20,,1
9/26/2020 23:00,Fremont Bridge,15,,1
9/27/2020 0:00,Fremont Bridge,7,,1
9/27/2020 1:00,Fremont Bridge,4,,1
9/27/2020 2:00,Fremont Bridge,6,,1
9/27/2020 3:00,Fremont Bridge,2,,1
9/27/2020 4:00,Fremont Bridge,0,,1
9/27/2020 5:00,Fremont Bridge,14,,1
9/27/2020 6:00,Fremont Bridge,18,,1
9/27/2020 7:00,Fremont Bridge,45,,1
9/27/2020 8:00,Fremont Bridge,92,,1
9/27/2020 9:00,Fremont Bridge,145,,1
9/27/2020 10:00,Fremont Bridge,190,,1
9/27/2020 11:00,Fremont Bridge,261,,1
9/27/2020 12:00,Fremont Bridge,287,,1
9/27/2020 13:00,Fremont Bridge,305,,1
9/27/2020 14:00,Fremont Bridge,297,,1
9/27/2020 15:00,Fremont Bridge,329,,1
9/27/2020 16:00,Fremont Bridge,307,,1
9/27/2020 17:00,Fremont Bridge,250,,1
9/27/2020 18:00,Fremont Bridge,193,,1
9/27/2020 19:00,Fremont Bridge,88,,1
9/27/2020 20:00,Fremont Bridge,0,,1
9/27/2020 21:00,Fremont Bridge,36,,1
9/27/2020 22:00,Fremont Bridge,11,,1
9/27/2020 23:00,Fremont Bridge,11,,1
9/28/2020 0:00,Fremont Bridge,4,,1
9/28/2020 1:00,Fremont Bridge,0,,1
9/28/2020 2:00,Fremont Bridge,2,,1
9/28/2020 3:00,Fremont Bridge,0,,1
9/28/2020 4:00,Fremont Bridge,3,,1
9/28/2020 5:00,Fremont Bridge,27,,1
9/28/2020 6:00,Fremont Bridge,57,,1
9/28/2020 7:00,Fremont Bridge,165,,1
9/28/2020 8:00,Fremont Bridge,175,,1
9/28/2020 9:00,Fremont Bridge,137,,1
9/28/2020 10:00,Fremont Bridge,83,,1
9/28/2020 11:00,Fremont Bridge,97,,1
9/28/2020 12:00,Fremont Bridge,140,,1
9/28/2020 13:00,Fremont Bridge,130,,1
9/28/2020 14:00,Fremont Bridge,175,,1
9/28/2020 15:00,Fremont Bridge,205,,1
9/28/2020 16:00,Fremont Bridge,284,,1
9/28/2020 17:00,Fremont Bridge,405,,1
9/28/2020 18:00,Fremont Bridge,324,,1
9/28/2020 19:00,Fremont Bridge,155,,1
9/28/2020 20:00,Fremont Bridge,57,,1
9/28/2020 21:00,Fremont Bridge,40,,1
9/28/2020 22:00,Fremont Bridge,21,,1
9/28/2020 23:00,Fremont Bridge,6,,1
9/29/2020 0:00,Fremont Bridge,5,,1
9/29/2020 1:00,Fremont Bridge,0,,1
9/29/2020 2:00,Fremont Bridge,1,,1
9/29/2020 3:00,Fremont Bridge,1,,1
9/29/2020 4:00,Fremont Bridge,5,,1
9/29/2020 5:00,Fremont Bridge,20,,1
9/29/2020 6:00,Fremont Bridge,71,,1
9/29/2020 7:00,Fremont Bridge,188,,1
9/29/2020 8:00,Fremont Bridge,215,,1
9/29/2020 9:00,Fremont Bridge,145,,1
9/29/2020 10:00,Fremont Bridge,86,,1
9/29/2020 11:00,Fremont Bridge,129,,1
9/29/2020 12:00,Fremont Bridge,175,,1
9/29/2020 13:00,Fremont Bridge,161,,1
9/29/2020 14:00,Fremont Bridge,150,,1
9/29/2020 15:00,Fremont Bridge,197,,1
9/29/2020 16:00,Fremont Bridge,339,,1
9/29/2020 17:00,Fremont Bridge,482,,1
9/29/2020 18:00,Fremont Bridge,268,,1
9/29/2020 19:00,Fremont Bridge,154,,1
9/29/2020 20:00,Fremont Bridge,71,,1
9/29/2020 21:00,Fremont Bridge,40,,1
9/29/2020 22:00,Fremont Bridge,22,,1
9/29/2020 23:00,Fremont Bridge,14,,1
9/30/2020 0:00,Fremont Bridge,6,,1
9/30/2020 1:00,Fremont Bridge,5,,1
9/30/2020 2:00,Fremont Bridge,1,,1
9/30/2020 3:00,Fremont Bridge,0,,1
9/30/2020 4:00,Fremont Bridge,6,,1
9/30/2020 5:00,Fremont Bridge,22,,1
9/30/2020 6:00,Fremont Bridge,69,,1
9/30/2020 7:00,Fremont Bridge,196,,1
9/30/2020 8:00,Fremont Bridge,193,,1
9/30/2020 9:00,Fremont Bridge,137,,1
9/30/2020 10:00,Fremont Bridge,89,,1
9/30/2020 11:00,Fremont Bridge,89,,1
9/30/2020 12:00,Fremont Bridge,107,,1
9/30/2020 13:00,Fremont Bridge,127,,1
9/30/2020 14:00,Fremont Bridge,146,,1
9/30/2020 15:00,Fremont Bridge,169,,1
9/30/2020 16:00,Fremont Bridge,248,,1
9/30/2020 17:00,Fremont Bridge,348,,1
9/30/2020 18:00,Fremont Bridge,266,,1
9/30/2020 19:00,Fremont Bridge,156,,1
9/30/2020 20:00,Fremont Bridge,70,,1
9/30/2020 21:00,Fremont Bridge,40,,1
9/30/2020 22:00,Fremont Bridge,23,,1
9/30/2020 23:00,Fremont Bridge,17,,1
9/22/2020 15:00,Burke-Gilman Trail,200,200,2
9/22/2020 16:00,Burke-Gilman Trail,290,290,2
9/22/2020 17:00,Burke-Gilman Trail,274,274,2
9/22/2020 18:00,Burke-Gilman Trail,255,255,2
9/22/2020 19:00,Burke-Gilman Trail,110,110,2
9/22/2020 20:00,Burke-Gilman Trail,22,22,2
9/22/2020 21:00,Burke-Gilman Trail,9,9,2
9/22/2020 22:00,Burke-Gilman Trail,6,6,2
9/22/2020 23:00,Burke-Gilman Trail,6,6,2
9/23/2020 0:00,Burke-Gilman Trail,0,0,2
9/23/2020 1:00,Burke-Gilman Trail,3,3,2
9/23/2020 2:00,Burke-Gilman Trail,1,1,2
9/23/2020 3:00,Burke-Gilman Trail,0,0,2
9/23/2020 4:00,Burke-Gilman Trail,6,6,2
9/23/2020 5:00,Burke-Gilman Trail,10,10,2
9/23/2020 6:00,Burke-Gilman Trail,21,21,2
9/23/2020 7:00,Burke-Gilman Trail,69,69,2
9/23/2020 8:00,Burke-Gilman Trail,58,58,2
9/23/2020 9:00,Burke-Gilman Trail,54,54,2
9/23/2020 10:00,Burke-Gilman Trail,29,29,2
9/23/2020 11:00,Burke-Gilman Trail,35,35,2
9/23/2020 12:00,Burke-Gilman Trail,29,29,2
9/23/2020 13:00,Burke-Gilman Trail,16,16,2
9/23/2020 14:00,Burke-Gilman Trail,24,24,2
9/23/2020 15:00,Burke-Gilman Trail,35,35,2
9/23/2020 16:00,Burke-Gilman Trail,40,40,2
9/23/2020 17:00,Burke-Gilman Trail,55,55,2
9/23/2020 18:00,Burke-Gilman Trail,55,55,2
9/23/2020 19:00,Burke-Gilman Trail,18,18,2
9/23/2020 20:00,Burke-Gilman Trail,4,4,2
9/23/2020 21:00,Burke-Gilman Trail,9,9,2
9/23/2020 22:00,Burke-Gilman Trail,4,4,2
9/23/2020 23:00,Burke-Gilman Trail,3,3,2
9/24/2020 0:00,Burke-Gilman Trail,0,0,2
9/24/2020 1:00,Burke-Gilman Trail,0,0,2
9/24/2020 2:00,Burke-Gilman Trail,0,0,2
9/24/2020 3:00,Burke-Gilman Trail,0,0,2
9/24/2020 4:00,Burke-Gilman Trail,0,0,2
9/24/2020 5:00,Burke-Gilman Trail,9,9,2
9/24/2020 6:00,Burke-Gilman Trail,15,15,2
9/24/2020 7:00,Burke-Gilman Trail,44,44,2
9/24/2020 8:00,Burke-Gilman Trail,54,54,2
9/24/2020 9:00,Burke-Gilman Trail,32,32,2
9/24/2020 10:00,Burke-Gilman Trail,22,22,2
9/24/2020 11:00,Burke-Gilman Trail,21,21,2
9/24/2020 12:00,Burke-Gilman Trail,36,36,2
9/24/2020 13:00,Burke-Gilman Trail,41,41,2
9/24/2020 14:00,Burke-Gilman Trail,66,66,2
9/24/2020 15:00,Burke-Gilman Trail,108,108,2
9/24/2020 16:00,Burke-Gilman Trail,127,127,2
9/24/2020 17:00,Burke-Gilman Trail,132,132,2
9/24/2020 18:00,Burke-Gilman Trail,99,99,2
9/24/2020 19:00,Burke-Gilman Trail,59,59,2
9/24/2020 20:00,Burke-Gilman Trail,8,8,2
9/24/2020 21:00,Burke-Gilman Trail,7,7,2
9/24/2020 22:00,Burke-Gilman Trail,2,2,2
9/24/2020 23:00,Burke-Gilman Trail,0,0,2
9/25/2020 0:00,Burke-Gilman Trail,0,0,2
9/25/2020 1:00,Burke-Gilman Trail,0,0,2
9/25/2020 2:00,Burke-Gilman Trail,0,0,2
9/25/2020 3:00,Burke-Gilman Trail,0,0,2
9/25/2020 4:00,Burke-Gilman Trail,0,0,2
9/25/2020 5:00,Burke-Gilman Trail,6,6,2
9/25/2020 6:00,Burke-Gilman Trail,12,12,2
9/25/2020 7:00,Burke-Gilman Trail,15,15,2
9/25/2020 8:00,Burke-Gilman Trail,26,26,2
9/25/2020 9:00,Burke-Gilman Trail,10,10,2
9/25/2020 10:00,Burke-Gilman Trail,15,15,2
9/25/2020 11:00,Burke-Gilman Trail,18,18,2
9/25/2020 12:00,Burke-Gilman Trail,41,41,2
9/25/2020 13:00,Burke-Gilman Trail,37,37,2
9/25/2020 14:00,Burke-Gilman Trail,48,48,2
9/25/2020 15:00,Burke-Gilman Trail,61,61,2
9/25/2020 16:00,Burke-Gilman Trail,112,112,2
9/25/2020 17:00,Burke-Gilman Trail,119,119,2
9/25/2020 18:00,Burke-Gilman Trail,85,85,2
9/25/2020 19:00,Burke-Gilman Trail,22,22,2
9/25/2020 20:00,Burke-Gilman Trail,13,13,2
9/25/2020 21:00,Burke-Gilman Trail,4,4,2
9/25/2020 22:00,Burke-Gilman Trail,4,4,2
9/25/2020 23:00,Burke-Gilman Trail,6,6,2
9/26/2020 0:00,Burke-Gilman Trail,0,0,2
9/26/2020 1:00,Burke-Gilman Trail,0,0,2
9/26/2020 2:00,Burke-Gilman Trail,0,0,2
9/26/2020 3:00,Burke-Gilman Trail,0,0,2
9/26/2020 4:00,Burke-Gilman Trail,2,2,2
9/26/2020 5:00,Burke-Gilman Trail,3,3,2
9/26/2020 6:00,Burke-Gilman Trail,11,11,2
9/26/2020 7:00,Burke-Gilman Trail,36,36,2
9/26/2020 8:00,Burke-Gilman Trail,127,127,2
9/26/2020 9:00,Burke-Gilman Trail,134,134,2
9/26/2020 10:00,Burke-Gilman Trail,269,269,2
9/26/2020 11:00,Burke-Gilman Trail,201,201,2
9/26/2020 12:00,Burke-Gilman Trail,187,187,2
9/26/2020 13:00,Burke-Gilman Trail,193,193,2
9/26/2020 14:00,Burke-Gilman Trail,210,210,2
9/26/2020 15:00,Burke-Gilman Trail,145,145,2
9/26/2020 16:00,Burke-Gilman Trail,138,138,2
9/26/2020 17:00,Burke-Gilman Trail,130,130,2
9/26/2020 18:00,Burke-Gilman Trail,88,88,2
9/26/2020 19:00,Burke-Gilman Trail,34,34,2
9/26/2020 20:00,Burke-Gilman Trail,23,23,2
9/26/2020 21:00,Burke-Gilman Trail,4,4,2
9/26/2020 22:00,Burke-Gilman Trail,7,7,2
9/26/2020 23:00,Burke-Gilman Trail,1,1,2
9/27/2020 0:00,Burke-Gilman Trail,0,0,2
9/27/2020 1:00,Burke-Gilman Trail,0,0,2
9/27/2020 2:00,Burke-Gilman Trail,1,1,2
9/27/2020 3:00,Burke-Gilman Trail,0,0,2
9/27/2020 4:00,Burke-Gilman Trail,0,0,2
9/27/2020 5:00,Burke-Gilman Trail,3,3,2
9/27/2020 6:00,Burke-Gilman Trail,11,11,2
9/27/2020 7:00,Burke-Gilman Trail,61,61,2
9/27/2020 8:00,Burke-Gilman Trail,96,96,2
9/27/2020 9:00,Burke-Gilman Trail,204,204,2
9/27/2020 10:00,Burke-Gilman Trail,301,301,2
9/27/2020 11:00,Burke-Gilman Trail,315,315,2
9/27/2020 12:00,Burke-Gilman Trail,336,336,2
9/27/2020 13:00,Burke-Gilman Trail,365,365,2
9/27/2020 14:00,Burke-Gilman Trail,298,298,2
9/27/2020 15:00,Burke-Gilman Trail,321,321,2
9/27/2020 16:00,Burke-Gilman Trail,315,315,2
9/27/2020 17:00,Burke-Gilman Trail,210,210,2
9/27/2020 18:00,Burke-Gilman Trail,160,160,2
9/27/2020 19:00,Burke-Gilman Trail,46,46,2
9/27/2020 20:00,Burke-Gilman Trail,12,12,2
9/27/2020 21:00,Burke-Gilman Trail,1,1,2
9/27/2020 22:00,Burke-Gilman Trail,5,5,2
9/27/2020 23:00,Burke-Gilman Trail,1,1,2
9/28/2020 0:00,Burke-Gilman Trail,0,0,2
9/28/2020 1:00,Burke-Gilman Trail,0,0,2
9/28/2020 2:00,Burke-Gilman Trail,0,0,2
9/28/2020 3:00,Burke-Gilman Trail,1,1,2
9/28/2020 4:00,Burke-Gilman Trail,2,2,2
9/28/2020 5:00,Burke-Gilman Trail,4,4,2
9/28/2020 6:00,Burke-Gilman Trail,50,50,2
9/28/2020 7:00,Burke-Gilman Trail,86,86,2
9/28/2020 8:00,Burke-Gilman Trail,91,91,2
9/28/2020 9:00,Burke-Gilman Trail,100,100,2
9/28/2020 10:00,Burke-Gilman Trail,109,109,2
9/28/2020 11:00,Burke-Gilman Trail,101,101,2
9/28/2020 12:00,Burke-Gilman Trail,159,159,2
9/28/2020 13:00,Burke-Gilman Trail,160,160,2
9/28/2020 14:00,Burke-Gilman Trail,169,169,2
9/28/2020 15:00,Burke-Gilman Trail,200,200,2
9/28/2020 16:00,Burke-Gilman Trail,188,188,2
9/28/2020 17:00,Burke-Gilman Trail,248,248,2
9/28/2020 18:00,Burke-Gilman Trail,217,217,2
9/28/2020 19:00,Burke-Gilman Trail,85,85,2
9/28/2020 20:00,Burke-Gilman Trail,17,17,2
9/28/2020 21:00,Burke-Gilman Trail,6,6,2
9/28/2020 22:00,Burke-Gilman Trail,3,3,2
9/28/2020 23:00,Burke-Gilman Trail,6,6,2
9/29/2020 0:00,Burke-Gilman Trail,4,4,2
9/29/2020 1:00,Burke-Gilman Trail,1,1,2
9/29/2020 2:00,Burke-Gilman Trail,0,0,2
9/29/2020 3:00,Burke-Gilman Trail,0,0,2
9/29/2020 4:00,Burke-Gilman Trail,1,1,2
9/29/2020 5:00,Burke-Gilman Trail,14,14,2
9/29/2020 6:00,Burke-Gilman Trail,42,42,2
9/29/2020 7:00,Burke-Gilman Trail,91,91,2
9/29/2020 8:00,Burke-Gilman Trail,101,101,2
9/29/2020 9:00,Burke-Gilman Trail,101,101,2
9/29/2020 10:00,Burke-Gilman Trail,108,108,2
9/29/2020 11:00,Burke-Gilman Trail,123,123,2
9/29/2020 12:00,Burke-Gilman Trail,122,122,2
9/29/2020 13:00,Burke-Gilman Trail,126,126,2
9/29/2020 14:00,Burke-Gilman Trail,160,160,2
9/29/2020 15:00,Burke-Gilman Trail,174,174,2
9/29/2020 16:00,Burke-Gilman Trail,264,264,2
9/29/2020 17:00,Burke-Gilman Trail,254,254,2
9/29/2020 18:00,Burke-Gilman Trail,167,167,2
9/29/2020 19:00,Burke-Gilman Trail,72,72,2
9/29/2020 20:00,Burke-Gilman Trail,6,6,2
9/29/2020 21:00,Burke-Gilman Trail,2,2,2
9/29/2020 22:00,Burke-Gilman Trail,7,7,2
9/29/2020 23:00,Burke-Gilman Trail,1,1,2
9/30/2020 0:00,Burke-Gilman Trail,0,0,2
9/30/2020 1:00,Burke-Gilman Trail,2,2,2
9/30/2020 2:00,Burke-Gilman Trail,2,2,2
9/30/2020 3:00,Burke-Gilman Trail,2,2,2
9/30/2020 4:00,Burke-Gilman Trail,4,4,2
9/30/2020 5:00,Burke-Gilman Trail,15,15,2
9/30/2020 6:00,Burke-Gilman Trail,35,35,2
9/30/2020 7:00,Burke-Gilman Trail,102,102,2
9/30/2020 8:00,Burke-Gilman Trail,95,95,2
9/30/2020 9:00,Burke-Gilman Trail,94,94,2
9/30/2020 10:00,Burke-Gilman Trail,65,65,2
9/30/2020 11:00,Burke-Gilman Trail,98,98,2
9/30/2020 12:00,Burke-Gilman Trail,94,94,2
9/30/2020 13:00,Burke-Gilman Trail,114,114,2
9/30/2020 14:00,Burke-Gilman Trail,132,132,2
9/30/2020 15:00,Burke-Gilman Trail,152,152,2
9/30/2020 16:00,Burke-Gilman Trail,194,194,2
9/30/2020 17:00,Burke-Gilman Trail,242,242,2
9/30/2020 18:00,Burke-Gilman Trail,221,221,2
9/30/2020 19:00,Burke-Gilman Trail,69,69,2
9/30/2020 20:00,Burke-Gilman Trail,20,20,2
9/30/2020 21:00,Burke-Gilman Trail,8,8,2
9/30/2020 22:00,Burke-Gilman Trail,10,10,2
9/30/2020 23:00,Burke-Gilman Trail,0,0,2
6/22/2020 15:00,Broadway Cycle,0,,3
6/22/2020 16:00,Broadway Cycle,0,,3
6/22/2020 17:00,Broadway Cycle,0,,3
6/22/2020 18:00,Broadway Cycle,0,,3
6/22/2020 19:00,Broadway Cycle,0,,3
6/22/2020 20:00,Broadway Cycle,0,,3
6/22/2020 21:00,Broadway Cycle,0,,3
6/22/2020 22:00,Broadway Cycle,0,,3
6/22/2020 23:00,Broadway Cycle,0,,3
6/23/2020 0:00,Broadway Cycle,0,,3
6/23/2020 1:00,Broadway Cycle,0,,3
6/23/2020 2:00,Broadway Cycle,0,,3
6/23/2020 3:00,Broadway Cycle,0,,3
6/23/2020 4:00,Broadway Cycle,0,,3
6/23/2020 5:00,Broadway Cycle,0,,3
6/23/2020 6:00,Broadway Cycle,0,,3
6/23/2020 7:00,Broadway Cycle,0,,3
6/23/2020 8:00,Broadway Cycle,0,,3
6/23/2020 9:00,Broadway Cycle,0,,3
6/23/2020 10:00,Broadway Cycle,2,,3
6/23/2020 11:00,Broadway Cycle,4,,3
6/23/2020 12:00,Broadway Cycle,1,,3
6/23/2020 13:00,Broadway Cycle,0,,3
6/23/2020 14:00,Broadway Cycle,0,,3
6/23/2020 15:00,Broadway Cycle,0,,3
6/23/2020 16:00,Broadway Cycle,0,,3
6/23/2020 17:00,Broadway Cycle,0,,3
6/23/2020 18:00,Broadway Cycle,0,,3
6/23/2020 19:00,Broadway Cycle,0,,3
6/23/2020 20:00,Broadway Cycle,0,,3
6/23/2020 21:00,Broadway Cycle,0,,3
6/23/2020 22:00,Broadway Cycle,0,,3
6/23/2020 23:00,Broadway Cycle,0,,3
6/24/2020 0:00,Broadway Cycle,0,,3
6/24/2020 1:00,Broadway Cycle,0,,3
6/24/2020 2:00,Broadway Cycle,0,,3
6/24/2020 3:00,Broadway Cycle,0,,3
6/24/2020 4:00,Broadway Cycle,0,,3
6/24/2020 5:00,Broadway Cycle,0,,3
6/24/2020 6:00,Broadway Cycle,0,,3
6/24/2020 7:00,Broadway Cycle,0,,3
6/24/2020 8:00,Broadway Cycle,0,,3
6/24/2020 9:00,Broadway Cycle,0,,3
6/24/2020 10:00,Broadway Cycle,0,,3
6/24/2020 11:00,Broadway Cycle,0,,3
6/24/2020 12:00,Broadway Cycle,0,,3
6/24/2020 13:00,Broadway Cycle,0,,3
6/24/2020 14:00,Broadway Cycle,0,,3
6/24/2020 15:00,Broadway Cycle,0,,3
6/24/2020 16:00,Broadway Cycle,0,,3
6/24/2020 17:00,Broadway Cycle,0,,3
6/24/2020 18:00,Broadway Cycle,0,,3
6/24/2020 19:00,Broadway Cycle,0,,3
6/24/2020 20:00,Broadway Cycle,0,,3
6/24/2020 21:00,Broadway Cycle,0,,3
6/24/2020 22:00,Broadway Cycle,0,,3
6/24/2020 23:00,Broadway Cycle,0,,3
6/25/2020 0:00,Broadway Cycle,0,,3
6/25/2020 1:00,Broadway Cycle,0,,3
6/25/2020 2:00,Broadway Cycle,0,,3
6/25/2020 3:00,Broadway Cycle,0,,3
6/25/2020 4:00,Broadway Cycle,0,,3
6/25/2020 5:00,Broadway Cycle,0,,3
6/25/2020 6:00,Broadway Cycle,0,,3
6/25/2020 7:00,Broadway Cycle,0,,3
6/25/2020 8:00,Broadway Cycle,0,,3
6/25/2020 9:00,Broadway Cycle,0,,3
6/25/2020 10:00,Broadway Cycle,0,,3
6/25/2020 11:00,Broadway Cycle,0,,3
6/25/2020 12:00,Broadway Cycle,0,,3
6/25/2020 13:00,Broadway Cycle,0,,3
6/25/2020 14:00,Broadway Cycle,0,,3
6/25/2020 15:00,Broadway Cycle,0,,3
6/25/2020 16:00,Broadway Cycle,0,,3
6/25/2020 17:00,Broadway Cycle,0,,3
6/25/2020 18:00,Broadway Cycle,0,,3
6/25/2020 19:00,Broadway Cycle,0,,3
6/25/2020 20:00,Broadway Cycle,0,,3
6/25/2020 21:00,Broadway Cycle,0,,3
6/25/2020 22:00,Broadway Cycle,0,,3
6/25/2020 23:00,Broadway Cycle,0,,3
6/26/2020 0:00,Broadway Cycle,0,,3
6/26/2020 1:00,Broadway Cycle,0,,3
6/26/2020 2:00,Broadway Cycle,0,,3
6/26/2020 3:00,Broadway Cycle,0,,3
6/26/2020 4:00,Broadway Cycle,0,,3
6/26/2020 5:00,Broadway Cycle,0,,3
6/26/2020 6:00,Broadway Cycle,0,,3
6/26/2020 7:00,Broadway Cycle,0,,3
6/26/2020 8:00,Broadway Cycle,0,,3
6/26/2020 9:00,Broadway Cycle,0,,3
6/26/2020 10:00,Broadway Cycle,0,,3
6/26/2020 11:00,Broadway Cycle,0,,3
6/26/2020 12:00,Broadway Cycle,0,,3
6/26/2020 13:00,Broadway Cycle,0,,3
6/26/2020 14:00,Broadway Cycle,0,,3
6/26/2020 15:00,Broadway Cycle,0,,3
6/26/2020 16:00,Broadway Cycle,0,,3
6/26/2020 17:00,Broadway Cycle,0,,3
6/26/2020 18:00,Broadway Cycle,0,,3
6/26/2020 19:00,Broadway Cycle,0,,3
6/26/2020 20:00,Broadway Cycle,0,,3
6/26/2020 21:00,Broadway Cycle,0,,3
6/26/2020 22:00,Broadway Cycle,0,,3
6/26/2020 23:00,Broadway Cycle,0,,3
6/27/2020 0:00,Broadway Cycle,0,,3
6/27/2020 1:00,Broadway Cycle,0,,3
6/27/2020 2:00,Broadway Cycle,0,,3
6/27/2020 3:00,Broadway Cycle,0,,3
6/27/2020 4:00,Broadway Cycle,0,,3
6/27/2020 5:00,Broadway Cycle,0,,3
6/27/2020 6:00,Broadway Cycle,0,,3
6/27/2020 7:00,Broadway Cycle,0,,3
6/27/2020 8:00,Broadway Cycle,0,,3
6/27/2020 9:00,Broadway Cycle,0,,3
6/27/2020 10:00,Broadway Cycle,0,,3
6/27/2020 11:00,Broadway Cycle,0,,3
6/27/2020 12:00,Broadway Cycle,0,,3
6/27/2020 13:00,Broadway Cycle,0,,3
6/27/2020 14:00,Broadway Cycle,0,,3
6/27/2020 15:00,Broadway Cycle,0,,3
6/27/2020 16:00,Broadway Cycle,0,,3
6/27/2020 17:00,Broadway Cycle,0,,3
6/27/2020 18:00,Broadway Cycle,0,,3
6/27/2020 19:00,Broadway Cycle,0,,3
6/27/2020 20:00,Broadway Cycle,0,,3
6/27/2020 21:00,Broadway Cycle,0,,3
6/27/2020 22:00,Broadway Cycle,0,,3
6/27/2020 23:00,Broadway Cycle,0,,3
6/28/2020 0:00,Broadway Cycle,0,,3
6/28/2020 1:00,Broadway Cycle,0,,3
6/28/2020 2:00,Broadway Cycle,0,,3
6/28/2020 3:00,Broadway Cycle,0,,3
6/28/2020 4:00,Broadway Cycle,0,,3
6/28/2020 5:00,Broadway Cycle,0,,3
6/28/2020 6:00,Broadway Cycle,0,,3
6/28/2020 7:00,Broadway Cycle,0,,3
6/28/2020 8:00,Broadway Cycle,0,,3
6/28/2020 9:00,Broadway Cycle,0,,3
6/28/2020 10:00,Broadway Cycle,0,,3
6/28/2020 11:00,Broadway Cycle,0,,3
6/28/2020 12:00,Broadway Cycle,0,,3
6/28/2020 13:00,Broadway Cycle,0,,3
6/28/2020 14:00,Broadway Cycle,0,,3
6/28/2020 15:00,Broadway Cycle,0,,3
6/28/2020 16:00,Broadway Cycle,0,,3
6/28/2020 17:00,Broadway Cycle,0,,3
6/28/2020 18:00,Broadway Cycle,0,,3
6/28/2020 19:00,Broadway Cycle,0,,3
6/28/2020 20:00,Broadway Cycle,0,,3
6/28/2020 21:00,Broadway Cycle,0,,3
6/28/2020 22:00,Broadway Cycle,0,,3
6/28/2020 23:00,Broadway Cycle,0,,3
6/29/2020 0:00,Broadway Cycle,0,,3
6/29/2020 1:00,Broadway Cycle,0,,3
6/29/2020 2:00,Broadway Cycle,0,,3
6/29/2020 3:00,Broadway Cycle,0,,3
6/29/2020 4:00,Broadway Cycle,0,,3
6/29/2020 5:00,Broadway Cycle,0,,3
6/29/2020 6:00,Broadway Cycle,0,,3
6/29/2020 7:00,Broadway Cycle,0,,3
6/29/2020 8:00,Broadway Cycle,0,,3
6/29/2020 9:00,Broadway Cycle,0,,3
6/29/2020 10:00,Broadway Cycle,0,,3
6/29/2020 11:00,Broadway Cycle,0,,3
6/29/2020 12:00,Broadway Cycle,0,,3
6/29/2020 13:00,Broadway Cycle,0,,3
6/29/2020 14:00,Broadway Cycle,2,,3
6/29/2020 15:00,Broadway Cycle,0,,3
6/29/2020 16:00,Broadway Cycle,0,,3
6/29/2020 17:00,Broadway Cycle,0,,3
6/29/2020 18:00,Broadway Cycle,0,,3
6/29/2020 19:00,Broadway Cycle,0,,3
6/29/2020 20:00,Broadway Cycle,2,,3
6/29/2020 21:00,Broadway Cycle,0,,3
6/29/2020 22:00,Broadway Cycle,0,,3
6/29/2020 23:00,Broadway Cycle,0,,3
6/30/2020 0:00,Broadway Cycle,0,,3
6/30/2020 1:00,Broadway Cycle,0,,3
6/30/2020 2:00,Broadway Cycle,0,,3
6/30/2020 3:00,Broadway Cycle,0,,3
6/30/2020 4:00,Broadway Cycle,0,,3
6/30/2020 5:00,Broadway Cycle,0,,3
6/30/2020 6:00,Broadway Cycle,0,,3
6/30/2020 7:00,Broadway Cycle,0,,3
6/30/2020 8:00,Broadway Cycle,0,,3
6/30/2020 9:00,Broadway Cycle,0,,3
6/30/2020 10:00,Broadway Cycle,0,,3
6/30/2020 11:00,Broadway Cycle,0,,3
6/30/2020 12:00,Broadway Cycle,0,,3
6/30/2020 13:00,Broadway Cycle,0,,3
6/30/2020 14:00,Broadway Cycle,0,,3
6/30/2020 15:00,Broadway Cycle,0,,3
6/30/2020 16:00,Broadway Cycle,0,,3
6/30/2020 17:00,Broadway Cycle,0,,3
6/30/2020 18:00,Broadway Cycle,0,,3
6/30/2020 19:00,Broadway Cycle,0,,3
6/30/2020 20:00,Broadway Cycle,0,,3
6/30/2020 21:00,Broadway Cycle,0,,3
6/30/2020 22:00,Broadway Cycle,0,,3
6/30/2020 23:00,Broadway Cycle,0,,3
8/23/2020 15:00,MTS Trail West of I-90,78,0,4
8/23/2020 16:00,MTS Trail West of I-90,60,0,4
8/23/2020 17:00,MTS Trail West of I-90,69,0,4
8/23/2020 18:00,MTS Trail West of I-90,49,0,4
8/23/2020 19:00,MTS Trail West of I-90,32,0,4
8/23/2020 20:00,MTS Trail West of I-90,9,0,4
8/23/2020 21:00,MTS Trail West of I-90,3,0,4
8/23/2020 22:00,MTS Trail West of I-90,2,0,4
8/23/2020 23:00,MTS Trail West of I-90,0,0,4
8/24/2020 0:00,MTS Trail West of I-90,2,0,4
8/24/2020 1:00,MTS Trail West of I-90,0,0,4
8/24/2020 2:00,MTS Trail West of I-90,0,0,4
8/24/2020 3:00,MTS Trail West of I-90,0,0,4
8/24/2020 4:00,MTS Trail West of I-90,1,0,4
8/24/2020 5:00,MTS Trail West of I-90,6,0,4
8/24/2020 6:00,MTS Trail West of I-90,12,0,4
8/24/2020 7:00,MTS Trail West of I-90,20,0,4
8/24/2020 8:00,MTS Trail West of I-90,14,0,4
8/24/2020 9:00,MTS Trail West of I-90,9,0,4
8/24/2020 10:00,MTS Trail West of I-90,11,0,4
8/24/2020 11:00,MTS Trail West of I-90,19,0,4
8/24/2020 12:00,MTS Trail West of I-90,30,0,4
8/24/2020 13:00,MTS Trail West of I-90,19,0,4
8/24/2020 14:00,MTS Trail West of I-90,14,0,4
8/24/2020 15:00,MTS Trail West of I-90,29,0,4
8/24/2020 16:00,MTS Trail West of I-90,37,0,4
8/24/2020 17:00,MTS Trail West of I-90,60,0,4
8/24/2020 18:00,MTS Trail West of I-90,41,0,4
8/24/2020 19:00,MTS Trail West of I-90,41,0,4
8/24/2020 20:00,MTS Trail West of I-90,16,0,4
8/24/2020 21:00,MTS Trail West of I-90,1,0,4
8/24/2020 22:00,MTS Trail West of I-90,0,0,4
8/24/2020 23:00,MTS Trail West of I-90,0,0,4
8/25/2020 0:00,MTS Trail West of I-90,0,0,4
8/25/2020 1:00,MTS Trail West of I-90,0,0,4
8/25/2020 2:00,MTS Trail West of I-90,0,0,4
8/25/2020 3:00,MTS Trail West of I-90,0,0,4
8/25/2020 4:00,MTS Trail West of I-90,1,0,4
8/25/2020 5:00,MTS Trail West of I-90,3,0,4
8/25/2020 6:00,MTS Trail West of I-90,12,0,4
8/25/2020 7:00,MTS Trail West of I-90,20,0,4
8/25/2020 8:00,MTS Trail West of I-90,20,0,4
8/25/2020 9:00,MTS Trail West of I-90,18,0,4
8/25/2020 10:00,MTS Trail West of I-90,13,0,4
8/25/2020 11:00,MTS Trail West of I-90,20,0,4
8/25/2020 12:00,MTS Trail West of I-90,23,0,4
8/25/2020 13:00,MTS Trail West of I-90,20,0,4
8/25/2020 14:00,MTS Trail West of I-90,24,0,4
8/25/2020 15:00,MTS Trail West of I-90,20,0,4
8/25/2020 16:00,MTS Trail West of I-90,35,0,4
8/25/2020 17:00,MTS Trail West of I-90,44,0,4
8/25/2020 18:00,MTS Trail West of I-90,55,0,4
8/25/2020 19:00,MTS Trail West of I-90,64,0,4
8/25/2020 20:00,MTS Trail West of I-90,15,0,4
8/25/2020 21:00,MTS Trail West of I-90,3,0,4
8/25/2020 22:00,MTS Trail West of I-90,1,0,4
8/25/2020 23:00,MTS Trail West of I-90,0,0,4
8/26/2020 0:00,MTS Trail West of I-90,1,0,4
8/26/2020 1:00,MTS Trail West of I-90,0,0,4
8/26/2020 2:00,MTS Trail West of I-90,0,0,4
8/26/2020 3:00,MTS Trail West of I-90,0,0,4
8/26/2020 4:00,MTS Trail West of I-90,1,0,4
8/26/2020 5:00,MTS Trail West of I-90,6,0,4
8/26/2020 6:00,MTS Trail West of I-90,9,0,4
8/26/2020 7:00,MTS Trail West of I-90,29,0,4
8/26/2020 8:00,MTS Trail West of I-90,31,0,4
8/26/2020 9:00,MTS Trail West of I-90,17,0,4
8/26/2020 10:00,MTS Trail West of I-90,21,0,4
8/26/2020 11:00,MTS Trail West of I-90,24,0,4
8/26/2020 12:00,MTS Trail West of I-90,31,0,4
8/26/2020 13:00,MTS Trail West of I-90,22,0,4
8/26/2020 14:00,MTS Trail West of I-90,20,0,4
8/26/2020 15:00,MTS Trail West of I-90,21,0,4
8/26/2020 16:00,MTS Trail West of I-90,39,0,4
8/26/2020 17:00,MTS Trail West of I-90,56,0,4
8/26/2020 18:00,MTS Trail West of I-90,57,0,4
8/26/2020 19:00,MTS Trail West of I-90,47,0,4
8/26/2020 20:00,MTS Trail West of I-90,29,0,4
8/26/2020 21:00,MTS Trail West of I-90,5,0,4
8/26/2020 22:00,MTS Trail West of I-90,2,0,4
8/26/2020 23:00,MTS Trail West of I-90,0,0,4
8/27/2020 0:00,MTS Trail West of I-90,1,0,4
8/27/2020 1:00,MTS Trail West of I-90,0,0,4
8/27/2020 2:00,MTS Trail West of I-90,0,0,4
8/27/2020 3:00,MTS Trail West of I-90,0,0,4
8/27/2020 4:00,MTS Trail West of I-90,1,0,4
8/27/2020 5:00,MTS Trail West of I-90,3,0,4
8/27/2020 6:00,MTS Trail West of I-90,11,0,4
8/27/2020 7:00,MTS Trail West of I-90,28,0,4
8/27/2020 8:00,MTS Trail West of I-90,21,0,4
8/27/2020 9:00,MTS Trail West of I-90,14,0,4
8/27/2020 10:00,MTS Trail West of I-90,12,0,4
8/27/2020 11:00,MTS Trail West of I-90,14,0,4
8/27/2020 12:00,MTS Trail West of I-90,18,0,4
8/27/2020 13:00,MTS Trail West of I-90,21,0,4
8/27/2020 14:00,MTS Trail West of I-90,18,0,4
8/27/2020 15:00,MTS Trail West of I-90,28,0,4
8/27/2020 16:00,MTS Trail West of I-90,38,0,4
8/27/2020 17:00,MTS Trail West of I-90,34,0,4
8/27/2020 18:00,MTS Trail West of I-90,54,0,4
8/27/2020 19:00,MTS Trail West of I-90,53,0,4
8/27/2020 20:00,MTS Trail West of I-90,24,0,4
8/27/2020 21:00,MTS Trail West of I-90,2,0,4
8/27/2020 22:00,MTS Trail West of I-90,1,0,4
8/27/2020 23:00,MTS Trail West of I-90,1,0,4
8/28/2020 0:00,MTS Trail West of I-90,0,0,4
8/28/2020 1:00,MTS Trail West of I-90,0,0,4
8/28/2020 2:00,MTS Trail West of I-90,0,0,4
8/28/2020 3:00,MTS Trail West of I-90,0,0,4
8/28/2020 4:00,MTS Trail West of I-90,1,0,4
8/28/2020 5:00,MTS Trail West of I-90,3,0,4
8/28/2020 6:00,MTS Trail West of I-90,9,0,4
8/28/2020 7:00,MTS Trail West of I-90,23,0,4
8/28/2020 8:00,MTS Trail West of I-90,25,0,4
8/28/2020 9:00,MTS Trail West of I-90,18,0,4
8/28/2020 10:00,MTS Trail West of I-90,23,0,4
8/28/2020 11:00,MTS Trail West of I-90,28,0,4
8/28/2020 12:00,MTS Trail West of I-90,22,0,4
8/28/2020 13:00,MTS Trail West of I-90,32,0,4
8/28/2020 14:00,MTS Trail West of I-90,19,0,4
8/28/2020 15:00,MTS Trail West of I-90,45,0,4
8/28/2020 16:00,MTS Trail West of I-90,28,0,4
8/28/2020 17:00,MTS Trail West of I-90,47,0,4
8/28/2020 18:00,MTS Trail West of I-90,31,0,4
8/28/2020 19:00,MTS Trail West of I-90,33,0,4
8/28/2020 20:00,MTS Trail West of I-90,14,0,4
8/28/2020 21:00,MTS Trail West of I-90,5,0,4
8/28/2020 22:00,MTS Trail West of I-90,1,0,4
8/28/2020 23:00,MTS Trail West of I-90,0,0,4
8/29/2020 0:00,MTS Trail West of I-90,0,0,4
8/29/2020 1:00,MTS Trail West of I-90,0,0,4
8/29/2020 2:00,MTS Trail West of I-90,0,0,4
8/29/2020 3:00,MTS Trail West of I-90,0,0,4
8/29/2020 4:00,MTS Trail West of I-90,0,0,4
8/29/2020 5:00,MTS Trail West of I-90,0,0,4
8/29/2020 6:00,MTS Trail West of I-90,5,0,4
8/29/2020 7:00,MTS Trail West of I-90,7,0,4
8/29/2020 8:00,MTS Trail West of I-90,39,0,4
8/29/2020 9:00,MTS Trail West of I-90,46,0,4
8/29/2020 10:00,MTS Trail West of I-90,54,0,4
8/29/2020 11:00,MTS Trail West of I-90,72,0,4
8/29/2020 12:00,MTS Trail West of I-90,64,0,4
8/29/2020 13:00,MTS Trail West of I-90,60,0,4
8/29/2020 14:00,MTS Trail West of I-90,50,0,4
8/29/2020 15:00,MTS Trail West of I-90,53,0,4
8/29/2020 16:00,MTS Trail West of I-90,62,0,4
8/29/2020 17:00,MTS Trail West of I-90,46,0,4
8/29/2020 18:00,MTS Trail West of I-90,28,0,4
8/29/2020 19:00,MTS Trail West of I-90,16,0,4
8/29/2020 20:00,MTS Trail West of I-90,10,0,4
8/29/2020 21:00,MTS Trail West of I-90,2,0,4
8/29/2020 22:00,MTS Trail West of I-90,1,0,4
8/29/2020 23:00,MTS Trail West of I-90,0,0,4
8/30/2020 0:00,MTS Trail West of I-90,0,0,4
8/30/2020 1:00,MTS Trail West of I-90,1,0,4
8/30/2020 2:00,MTS Trail West of I-90,0,0,4
8/30/2020 3:00,MTS Trail West of I-90,0,0,4
8/30/2020 4:00,MTS Trail West of I-90,0,0,4
8/30/2020 5:00,MTS Trail West of I-90,0,0,4
8/30/2020 6:00,MTS Trail West of I-90,3,0,4
8/30/2020 7:00,MTS Trail West of I-90,7,0,4
8/30/2020 8:00,MTS Trail West of I-90,40,0,4
8/30/2020 9:00,MTS Trail West of I-90,50,0,4
8/30/2020 10:00,MTS Trail West of I-90,63,0,4
8/30/2020 11:00,MTS Trail West of I-90,71,0,4
8/30/2020 12:00,MTS Trail West of I-90,82,0,4
8/30/2020 13:00,MTS Trail West of I-90,107,0,4
8/30/2020 14:00,MTS Trail West of I-90,73,0,4
8/30/2020 15:00,MTS Trail West of I-90,66,0,4
8/30/2020 16:00,MTS Trail West of I-90,51,0,4
8/30/2020 17:00,MTS Trail West of I-90,54,0,4
8/30/2020 18:00,MTS Trail West of I-90,38,0,4
8/30/2020 19:00,MTS Trail West of I-90,19,0,4
8/30/2020 20:00,MTS Trail West of I-90,6,0,4
8/30/2020 21:00,MTS Trail West of I-90,2,0,4
8/30/2020 22:00,MTS Trail West of I-90,0,0,4
8/30/2020 23:00,MTS Trail West of I-90,0,0,4
8/31/2020 0:00,MTS Trail West of I-90,0,0,4
8/31/2020 1:00,MTS Trail West of I-90,0,0,4
8/31/2020 2:00,MTS Trail West of I-90,0,0,4
8/31/2020 3:00,MTS Trail West of I-90,0,0,4
8/31/2020 4:00,MTS Trail West of I-90,0,0,4
8/31/2020 5:00,MTS Trail West of I-90,1,0,4
8/31/2020 6:00,MTS Trail West of I-90,5,0,4
8/31/2020 7:00,MTS Trail West of I-90,14,0,4
8/31/2020 8:00,MTS Trail West of I-90,8,0,4
8/31/2020 9:00,MTS Trail West of I-90,11,0,4
8/31/2020 10:00,MTS Trail West of I-90,15,0,4
8/31/2020 11:00,MTS Trail West of I-90,10,0,4
8/31/2020 12:00,MTS Trail West of I-90,21,0,4
8/31/2020 13:00,MTS Trail West of I-90,14,0,4
8/31/2020 14:00,MTS Trail West of I-90,22,0,4
8/31/2020 15:00,MTS Trail West of I-90,21,0,4
8/31/2020 16:00,MTS Trail West of I-90,23,0,4
8/31/2020 17:00,MTS Trail West of I-90,24,0,4
8/31/2020 18:00,MTS Trail West of I-90,52,0,4
8/31/2020 19:00,MTS Trail West of I-90,25,0,4
8/31/2020 20:00,MTS Trail West of I-90,10,0,4
8/31/2020 21:00,MTS Trail West of I-90,0,0,4
8/31/2020 22:00,MTS Trail West of I-90,0,0,4
8/31/2020 23:00,MTS Trail West of I-90,0,0,4
11/23/2015 1:00,Chief Sealth Trail,0,0,5
11/17/2015 19:00,Chief Sealth Trail,0,1,5
11/12/2015 14:00,Chief Sealth Trail,1,0,5
11/12/2015 5:00,Chief Sealth Trail,0,0,5
11/6/2015 5:00,Chief Sealth Trail,0,0,5
11/15/2015 11:00,Chief Sealth Trail,1,4,5
11/13/2015 23:00,Chief Sealth Trail,0,0,5
11/27/2015 19:00,Chief Sealth Trail,0,1,5
11/19/2015 6:00,Chief Sealth Trail,0,0,5
11/28/2015 12:00,Chief Sealth Trail,0,1,5
11/19/2015 23:00,Chief Sealth Trail,0,1,5
11/20/2015 19:00,Chief Sealth Trail,0,0,5
11/18/2015 4:00,Chief Sealth Trail,0,0,5
11/6/2015 20:00,Chief Sealth Trail,0,0,5
11/3/2015 4:00,Chief Sealth Trail,0,0,5
11/17/2015 14:00,Chief Sealth Trail,0,0,5
11/20/2015 20:00,Chief Sealth Trail,0,1,5
11/4/2015 1:00,Chief Sealth Trail,0,0,5
11/5/2015 15:00,Chief Sealth Trail,3,0,5
11/18/2015 6:00,Chief Sealth Trail,0,1,5
11/2/2015 23:00,Chief Sealth Trail,0,0,5
11/8/2015 5:00,Chief Sealth Trail,0,0,5
11/19/2015 7:00,Chief Sealth Trail,2,6,5
11/27/2015 5:00,Chief Sealth Trail,0,0,5
11/8/2015 11:00,Chief Sealth Trail,0,0,5
11/5/2015 22:00,Chief Sealth Trail,0,0,5
11/7/2015 16:00,Chief Sealth Trail,0,2,5
11/24/2015 6:00,Chief Sealth Trail,0,0,5
11/28/2015 0:00,Chief Sealth Trail,0,0,5
11/1/2015 20:00,Chief Sealth Trail,0,0,5
11/8/2015 0:00,Chief Sealth Trail,0,0,5
11/1/2015 12:00,Chief Sealth Trail,0,0,5
11/25/2015 9:00,Chief Sealth Trail,0,1,5
11/26/2015 14:00,Chief Sealth Trail,1,0,5
11/26/2015 9:00,Chief Sealth Trail,1,2,5
11/27/2015 11:00,Chief Sealth Trail,2,1,5
11/4/2015 0:00,Chief Sealth Trail,0,0,5
11/4/2015 12:00,Chief Sealth Trail,0,1,5
11/6/2015 10:00,Chief Sealth Trail,0,2,5
11/8/2015 15:00,Chief Sealth Trail,0,0,5
11/3/2015 2:00,Chief Sealth Trail,0,0,5
11/21/2015 20:00,Chief Sealth Trail,0,0,5
11/23/2015 17:00,Chief Sealth Trail,4,0,5
11/17/2015 9:00,Chief Sealth Trail,0,0,5
11/3/2015 20:00,Chief Sealth Trail,1,2,5
11/2/2015 17:00,Chief Sealth Trail,2,1,5
11/19/2015 13:00,Chief Sealth Trail,1,0,5
11/30/2015 16:00,Chief Sealth Trail,0,0,5
11/28/2015 1:00,Chief Sealth Trail,0,0,5
11/19/2015 8:00,Chief Sealth Trail,0,4,5
11/7/2015 3:00,Chief Sealth Trail,0,0,5
11/19/2015 12:00,Chief Sealth Trail,1,2,5
11/5/2015 16:00,Chief Sealth Trail,0,2,5
11/19/2015 18:00,Chief Sealth Trail,0,0,5
11/24/2015 12:00,Chief Sealth Trail,0,4,5
11/4/2015 11:00,Chief Sealth Trail,0,1,5
11/30/2015 15:00,Chief Sealth Trail,0,2,5
11/9/2015 8:00,Chief Sealth Trail,0,1,5
11/15/2015 10:00,Chief Sealth Trail,1,1,5
11/11/2015 20:00,Chief Sealth Trail,0,1,5
11/10/2015 0:00,Chief Sealth Trail,0,0,5
11/22/2015 22:00,Chief Sealth Trail,0,0,5
11/9/2015 17:00,Chief Sealth Trail,0,0,5
11/12/2015 22:00,Chief Sealth Trail,0,0,5
11/26/2015 5:00,Chief Sealth Trail,0,1,5
11/12/2015 0:00,Chief Sealth Trail,0,0,5
11/29/2015 20:00,Chief Sealth Trail,0,0,5
11/10/2015 13:00,Chief Sealth Trail,0,0,5
11/25/2015 13:00,Chief Sealth Trail,0,2,5
11/12/2015 10:00,Chief Sealth Trail,0,1,5
11/9/2015 9:00,Chief Sealth Trail,0,0,5
11/26/2015 13:00,Chief Sealth Trail,1,4,5
11/18/2015 18:00,Chief Sealth Trail,0,0,5
11/25/2015 21:00,Chief Sealth Trail,0,0,5
11/6/2015 2:00,Chief Sealth Trail,0,0,5
11/11/2015 15:00,Chief Sealth Trail,1,4,5
11/13/2015 7:00,Chief Sealth Trail,1,0,5
11/15/2015 17:00,Chief Sealth Trail,0,0,5
11/25/2015 5:00,Chief Sealth Trail,0,0,5
11/23/2015 2:00,Chief Sealth Trail,0,0,5
11/19/2015 10:00,Chief Sealth Trail,0,1,5
11/18/2015 20:00,Chief Sealth Trail,0,2,5
11/22/2015 6:00,Chief Sealth Trail,2,0,5
11/15/2015 8:00,Chief Sealth Trail,1,3,5
11/20/2015 8:00,Chief Sealth Trail,0,1,5
11/25/2015 12:00,Chief Sealth Trail,0,2,5
11/30/2015 8:00,Chief Sealth Trail,0,0,5
11/6/2015 21:00,Chief Sealth Trail,0,0,5
11/22/2015 17:00,Chief Sealth Trail,0,0,5
11/16/2015 18:00,Chief Sealth Trail,1,0,5
11/14/2015 22:00,Chief Sealth Trail,0,0,5
11/17/2015 22:00,Chief Sealth Trail,0,0,5
11/15/2015 1:00,Chief Sealth Trail,0,0,5
11/13/2015 5:00,Chief Sealth Trail,0,2,5
11/13/2015 2:00,Chief Sealth Trail,0,0,5
11/2/2015 9:00,Chief Sealth Trail,0,1,5
11/30/2015 20:00,Chief Sealth Trail,0,0,5
11/26/2015 0:00,Chief Sealth Trail,0,0,5
11/3/2015 0:00,Chief Sealth Trail,0,0,5
11/9/2015 3:00,Chief Sealth Trail,0,0,5
11/21/2015 8:00,Chief Sealth Trail,0,3,5
11/7/2015 0:00,Chief Sealth Trail,0,0,5
11/17/2015 3:00,Chief Sealth Trail,0,0,5
11/16/2015 6:00,Chief Sealth Trail,1,0,5
11/13/2015 1:00,Chief Sealth Trail,0,0,5
11/18/2015 22:00,Chief Sealth Trail,0,0,5
11/3/2015 14:00,Chief Sealth Trail,1,0,5
11/23/2015 22:00,Chief Sealth Trail,0,0,5
11/1/2015 16:00,Chief Sealth Trail,1,0,5
11/5/2015 19:00,Chief Sealth Trail,2,3,5
11/4/2015 6:00,Chief Sealth Trail,1,1,5
11/15/2015 16:00,Chief Sealth Trail,0,3,5
11/29/2015 10:00,Chief Sealth Trail,0,2,5
11/12/2015 11:00,Chief Sealth Trail,1,1,5
11/21/2015 2:00,Chief Sealth Trail,0,0,5
11/5/2015 21:00,Chief Sealth Trail,0,0,5
11/20/2015 2:00,Chief Sealth Trail,0,0,5
11/26/2015 1:00,Chief Sealth Trail,0,0,5
11/8/2015 22:00,Chief Sealth Trail,0,0,5
11/16/2015 7:00,Chief Sealth Trail,3,4,5
11/24/2015 8:00,Chief Sealth Trail,0,1,5
11/12/2015 3:00,Chief Sealth Trail,0,0,5
11/6/2015 4:00,Chief Sealth Trail,0,0,5
11/11/2015 22:00,Chief Sealth Trail,0,0,5
11/27/2015 18:00,Chief Sealth Trail,0,0,5
11/26/2015 4:00,Chief Sealth Trail,0,0,5
11/3/2015 9:00,Chief Sealth Trail,0,1,5
11/26/2015 17:00,Chief Sealth Trail,0,0,5
11/23/2015 21:00,Chief Sealth Trail,0,0,5
11/12/2015 12:00,Chief Sealth Trail,0,1,5
11/7/2015 18:00,Chief Sealth Trail,0,0,5
11/10/2015 6:00,Chief Sealth Trail,1,0,5
11/5/2015 0:00,Chief Sealth Trail,0,0,5
11/2/2015 1:00,Chief Sealth Trail,0,1,5
11/14/2015 7:00,Chief Sealth Trail,0,0,5
11/20/2015 10:00,Chief Sealth Trail,0,1,5
11/15/2015 13:00,Chief Sealth Trail,1,0,5
11/28/2015 5:00,Chief Sealth Trail,0,0,5
11/3/2015 3:00,Chief Sealth Trail,0,0,5
11/11/2015 9:00,Chief Sealth Trail,0,1,5
11/2/2015 14:00,Chief Sealth Trail,0,0,5
11/28/2015 9:00,Chief Sealth Trail,0,1,5
11/27/2015 13:00,Chief Sealth Trail,0,4,5
11/6/2015 22:00,Chief Sealth Trail,0,1,5
11/24/2015 1:00,Chief Sealth Trail,0,0,5
11/28/2015 3:00,Chief Sealth Trail,0,0,5
11/10/2015 8:00,Chief Sealth Trail,1,3,5
11/12/2015 18:00,Chief Sealth Trail,1,0,5
11/12/2015 21:00,Chief Sealth Trail,1,0,5
11/27/2015 20:00,Chief Sealth Trail,0,0,5
11/7/2015 5:00,Chief Sealth Trail,0,0,5
11/25/2015 15:00,Chief Sealth Trail,1,2,5
11/14/2015 0:00,Chief Sealth Trail,0,0,5
11/9/2015 2:00,Chief Sealth Trail,0,1,5
11/14/2015 12:00,Chief Sealth Trail,0,3,5
11/30/2015 1:00,Chief Sealth Trail,0,0,5
11/10/2015 17:00,Chief Sealth Trail,3,1,5
11/8/2015 9:00,Chief Sealth Trail,0,1,5
11/7/2015 2:00,Chief Sealth Trail,0,0,5
11/20/2015 12:00,Chief Sealth Trail,4,0,5
11/1/2015 4:00,Chief Sealth Trail,0,0,5
11/5/2015 10:00,Chief Sealth Trail,1,0,5
11/5/2015 23:00,Chief Sealth Trail,0,0,5
11/14/2015 15:00,Chief Sealth Trail,2,0,5
11/21/2015 18:00,Chief Sealth Trail,1,0,5
11/18/2015 21:00,Chief Sealth Trail,1,0,5
11/20/2015 23:00,Chief Sealth Trail,0,0,5
11/5/2015 13:00,Chief Sealth Trail,0,1,5
11/24/2015 17:00,Chief Sealth Trail,1,0,5
11/11/2015 7:00,Chief Sealth Trail,0,3,5
11/13/2015 8:00,Chief Sealth Trail,0,2,5
11/26/2015 8:00,Chief Sealth Trail,1,0,5
11/25/2015 8:00,Chief Sealth Trail,0,1,5
11/29/2015 22:00,Chief Sealth Trail,0,1,5
11/22/2015 13:00,Chief Sealth Trail,0,3,5
11/15/2015 19:00,Chief Sealth Trail,0,0,5
11/1/2015 15:00,Chief Sealth Trail,0,2,5
11/26/2015 3:00,Chief Sealth Trail,0,0,5
11/6/2015 16:00,Chief Sealth Trail,1,4,5
11/18/2015 10:00,Chief Sealth Trail,0,1,5
11/27/2015 4:00,Chief Sealth Trail,0,0,5
11/27/2015 7:00,Chief Sealth Trail,0,1,5
11/15/2015 2:00,Chief Sealth Trail,0,0,5
11/11/2015 6:00,Chief Sealth Trail,0,2,5
11/4/2015 15:00,Chief Sealth Trail,0,0,5
11/17/2015 1:00,Chief Sealth Trail,0,0,5
11/18/2015 19:00,Chief Sealth Trail,0,2,5
11/15/2015 23:00,Chief Sealth Trail,0,0,5
11/10/2015 11:00,Chief Sealth Trail,0,0,5
11/13/2015 12:00,Chief Sealth Trail,0,0,5
11/25/2015 19:00,Chief Sealth Trail,0,1,5
11/5/2015 4:00,Chief Sealth Trail,0,0,5
11/5/2015 6:00,Chief Sealth Trail,1,1,5
11/14/2015 14:00,Chief Sealth Trail,0,0,5
11/18/2015 11:00,Chief Sealth Trail,0,0,5
11/29/2015 21:00,Chief Sealth Trail,0,0,5
11/7/2015 4:00,Chief Sealth Trail,0,0,5
11/8/2015 13:00,Chief Sealth Trail,0,5,5
11/7/2015 21:00,Chief Sealth Trail,0,0,5
11/9/2015 13:00,Chief Sealth Trail,0,0,5
11/19/2015 1:00,Chief Sealth Trail,0,0,5
9/22/2020 15:00,Spokane St. Bridge,98,,6
9/22/2020 16:00,Spokane St. Bridge,137,,6
9/22/2020 17:00,Spokane St. Bridge,173,,6
9/22/2020 18:00,Spokane St. Bridge,99,,6
9/22/2020 19:00,Spokane St. Bridge,45,,6
9/22/2020 20:00,Spokane St. Bridge,15,,6
9/22/2020 21:00,Spokane St. Bridge,17,,6
9/22/2020 22:00,Spokane St. Bridge,11,,6
9/22/2020 23:00,Spokane St. Bridge,3,,6
9/23/2020 0:00,Spokane St. Bridge,8,,6
9/23/2020 1:00,Spokane St. Bridge,1,,6
9/23/2020 2:00,Spokane St. Bridge,2,,6
9/23/2020 3:00,Spokane St. Bridge,3,,6
9/23/2020 4:00,Spokane St. Bridge,0,,6
9/23/2020 5:00,Spokane St. Bridge,24,,6
9/23/2020 6:00,Spokane St. Bridge,41,,6
9/23/2020 7:00,Spokane St. Bridge,48,,6
9/23/2020 8:00,Spokane St. Bridge,39,,6
9/23/2020 9:00,Spokane St. Bridge,12,,6
9/23/2020 10:00,Spokane St. Bridge,11,,6
9/23/2020 11:00,Spokane St. Bridge,11,,6
9/23/2020 12:00,Spokane St. Bridge,8,,6
9/23/2020 13:00,Spokane St. Bridge,17,,6
9/23/2020 14:00,Spokane St. Bridge,18,,6
9/23/2020 15:00,Spokane St. Bridge,26,,6
9/23/2020 16:00,Spokane St. Bridge,38,,6
9/23/2020 17:00,Spokane St. Bridge,45,,6
9/23/2020 18:00,Spokane St. Bridge,16,,6
9/23/2020 19:00,Spokane St. Bridge,18,,6
9/23/2020 20:00,Spokane St. Bridge,7,,6
9/23/2020 21:00,Spokane St. Bridge,9,,6
9/23/2020 22:00,Spokane St. Bridge,1,,6
9/23/2020 23:00,Spokane St. Bridge,4,,6
9/24/2020 0:00,Spokane St. Bridge,2,,6
9/24/2020 1:00,Spokane St. Bridge,1,,6
9/24/2020 2:00,Spokane St. Bridge,3,,6
9/24/2020 3:00,Spokane St. Bridge,4,,6
9/24/2020 4:00,Spokane St. Bridge,0,,6
9/24/2020 5:00,Spokane St. Bridge,23,,6
9/24/2020 6:00,Spokane St. Bridge,35,,6
9/24/2020 7:00,Spokane St. Bridge,43,,6
9/24/2020 8:00,Spokane St. Bridge,34,,6
9/24/2020 9:00,Spokane St. Bridge,24,,6
9/24/2020 10:00,Spokane St. Bridge,14,,6
9/24/2020 11:00,Spokane St. Bridge,13,,6
9/24/2020 12:00,Spokane St. Bridge,10,,6
9/24/2020 13:00,Spokane St. Bridge,9,,6
9/24/2020 14:00,Spokane St. Bridge,21,,6
9/24/2020 15:00,Spokane St. Bridge,35,,6
9/24/2020 16:00,Spokane St. Bridge,54,,6
9/24/2020 17:00,Spokane St. Bridge,56,,6
9/24/2020 18:00,Spokane St. Bridge,45,,6
9/24/2020 19:00,Spokane St. Bridge,21,,6
9/24/2020 20:00,Spokane St. Bridge,12,,6
9/24/2020 21:00,Spokane St. Bridge,5,,6
9/24/2020 22:00,Spokane St. Bridge,4,,6
9/24/2020 23:00,Spokane St. Bridge,4,,6
9/25/2020 0:00,Spokane St. Bridge,3,,6
9/25/2020 1:00,Spokane St. Bridge,5,,6
9/25/2020 2:00,Spokane St. Bridge,6,,6
9/25/2020 3:00,Spokane St. Bridge,4,,6
9/25/2020 4:00,Spokane St. Bridge,7,,6
9/25/2020 5:00,Spokane St. Bridge,17,,6
9/25/2020 6:00,Spokane St. Bridge,24,,6
9/25/2020 7:00,Spokane St. Bridge,34,,6
9/25/2020 8:00,Spokane St. Bridge,31,,6
9/25/2020 9:00,Spokane St. Bridge,11,,6
9/25/2020 10:00,Spokane St. Bridge,16,,6
9/25/2020 11:00,Spokane St. Bridge,8,,6
9/25/2020 12:00,Spokane St. Bridge,10,,6
9/25/2020 13:00,Spokane St. Bridge,14,,6
9/25/2020 14:00,Spokane St. Bridge,26,,6
9/25/2020 15:00,Spokane St. Bridge,37,,6
9/25/2020 16:00,Spokane St. Bridge,49,,6
9/25/2020 17:00,Spokane St. Bridge,40,,6
9/25/2020 18:00,Spokane St. Bridge,49,,6
9/25/2020 19:00,Spokane St. Bridge,23,,6
9/25/2020 20:00,Spokane St. Bridge,13,,6
9/25/2020 21:00,Spokane St. Bridge,7,,6
9/25/2020 22:00,Spokane St. Bridge,4,,6
9/25/2020 23:00,Spokane St. Bridge,5,,6
9/26/2020 0:00,Spokane St. Bridge,4,,6
9/26/2020 1:00,Spokane St. Bridge,3,,6
9/26/2020 2:00,Spokane St. Bridge,1,,6
9/26/2020 3:00,Spokane St. Bridge,4,,6
9/26/2020 4:00,Spokane St. Bridge,4,,6
9/26/2020 5:00,Spokane St. Bridge,6,,6
9/26/2020 6:00,Spokane St. Bridge,5,,6
9/26/2020 7:00,Spokane St. Bridge,12,,6
9/26/2020 8:00,Spokane St. Bridge,38,,6
9/26/2020 9:00,Spokane St. Bridge,45,,6
9/26/2020 10:00,Spokane St. Bridge,54,,6
9/26/2020 11:00,Spokane St. Bridge,63,,6
9/26/2020 12:00,Spokane St. Bridge,81,,6
9/26/2020 13:00,Spokane St. Bridge,62,,6
9/26/2020 14:00,Spokane St. Bridge,51,,6
9/26/2020 15:00,Spokane St. Bridge,41,,6
9/26/2020 16:00,Spokane St. Bridge,44,,6
9/26/2020 17:00,Spokane St. Bridge,40,,6
9/26/2020 18:00,Spokane St. Bridge,33,,6
9/26/2020 19:00,Spokane St. Bridge,17,,6
9/26/2020 20:00,Spokane St. Bridge,10,,6
9/26/2020 21:00,Spokane St. Bridge,8,,6
9/26/2020 22:00,Spokane St. Bridge,5,,6
9/26/2020 23:00,Spokane St. Bridge,4,,6
9/27/2020 0:00,Spokane St. Bridge,1,,6
9/27/2020 1:00,Spokane St. Bridge,2,,6
9/27/2020 2:00,Spokane St. Bridge,0,,6
9/27/2020 3:00,Spokane St. Bridge,3,,6
9/27/2020 4:00,Spokane St. Bridge,0,,6
9/27/2020 5:00,Spokane St. Bridge,3,,6
9/27/2020 6:00,Spokane St. Bridge,12,,6
9/27/2020 7:00,Spokane St. Bridge,15,,6
9/27/2020 8:00,Spokane St. Bridge,32,,6
9/27/2020 9:00,Spokane St. Bridge,78,,6
9/27/2020 10:00,Spokane St. Bridge,99,,6
9/27/2020 11:00,Spokane St. Bridge,132,,6
9/27/2020 12:00,Spokane St. Bridge,139,,6
9/27/2020 13:00,Spokane St. Bridge,123,,6
9/27/2020 14:00,Spokane St. Bridge,91,,6
9/27/2020 15:00,Spokane St. Bridge,105,,6
9/27/2020 16:00,Spokane St. Bridge,90,,6
9/27/2020 17:00,Spokane St. Bridge,90,,6
9/27/2020 18:00,Spokane St. Bridge,64,,6
9/27/2020 19:00,Spokane St. Bridge,30,,6
9/27/2020 20:00,Spokane St. Bridge,12,,6
9/27/2020 21:00,Spokane St. Bridge,12,,6
9/27/2020 22:00,Spokane St. Bridge,8,,6
9/27/2020 23:00,Spokane St. Bridge,5,,6
9/28/2020 0:00,Spokane St. Bridge,2,,6
9/28/2020 1:00,Spokane St. Bridge,3,,6
9/28/2020 2:00,Spokane St. Bridge,2,,6
9/28/2020 3:00,Spokane St. Bridge,1,,6
9/28/2020 4:00,Spokane St. Bridge,5,,6
9/28/2020 5:00,Spokane St. Bridge,31,,6
9/28/2020 6:00,Spokane St. Bridge,60,,6
9/28/2020 7:00,Spokane St. Bridge,84,,6
9/28/2020 8:00,Spokane St. Bridge,75,,6
9/28/2020 9:00,Spokane St. Bridge,44,,6
9/28/2020 10:00,Spokane St. Bridge,40,,6
9/28/2020 11:00,Spokane St. Bridge,37,,6
9/28/2020 12:00,Spokane St. Bridge,35,,6
9/28/2020 13:00,Spokane St. Bridge,53,,6
9/28/2020 14:00,Spokane St. Bridge,69,,6
9/28/2020 15:00,Spokane St. Bridge,78,,6
9/28/2020 16:00,Spokane St. Bridge,107,,6
9/28/2020 17:00,Spokane St. Bridge,140,,6
9/28/2020 18:00,Spokane St. Bridge,92,,6
9/28/2020 19:00,Spokane St. Bridge,55,,6
9/28/2020 20:00,Spokane St. Bridge,23,,6
9/28/2020 21:00,Spokane St. Bridge,13,,6
9/28/2020 22:00,Spokane St. Bridge,10,,6
9/28/2020 23:00,Spokane St. Bridge,5,,6
9/29/2020 0:00,Spokane St. Bridge,5,,6
9/29/2020 1:00,Spokane St. Bridge,5,,6
9/29/2020 2:00,Spokane St. Bridge,4,,6
9/29/2020 3:00,Spokane St. Bridge,0,,6
9/29/2020 4:00,Spokane St. Bridge,6,,6
9/29/2020 5:00,Spokane St. Bridge,27,,6
9/29/2020 6:00,Spokane St. Bridge,68,,6
9/29/2020 7:00,Spokane St. Bridge,96,,6
9/29/2020 8:00,Spokane St. Bridge,85,,6
9/29/2020 9:00,Spokane St. Bridge,50,,6
9/29/2020 10:00,Spokane St. Bridge,38,,6
9/29/2020 11:00,Spokane St. Bridge,41,,6
9/29/2020 12:00,Spokane St. Bridge,53,,6
9/29/2020 13:00,Spokane St. Bridge,63,,6
9/29/2020 14:00,Spokane St. Bridge,73,,6
9/29/2020 15:00,Spokane St. Bridge,78,,6
9/29/2020 16:00,Spokane St. Bridge,134,,6
9/29/2020 17:00,Spokane St. Bridge,171,,6
9/29/2020 18:00,Spokane St. Bridge,88,,6
9/29/2020 19:00,Spokane St. Bridge,38,,6
9/29/2020 20:00,Spokane St. Bridge,21,,6
9/29/2020 21:00,Spokane St. Bridge,18,,6
9/29/2020 22:00,Spokane St. Bridge,8,,6
9/29/2020 23:00,Spokane St. Bridge,4,,6
9/30/2020 0:00,Spokane St. Bridge,5,,6
9/30/2020 1:00,Spokane St. Bridge,0,,6
9/30/2020 2:00,Spokane St. Bridge,4,,6
9/30/2020 3:00,Spokane St. Bridge,7,,6
9/30/2020 4:00,Spokane St. Bridge,4,,6
9/30/2020 5:00,Spokane St. Bridge,30,,6
9/30/2020 6:00,Spokane St. Bridge,82,,6
9/30/2020 7:00,Spokane St. Bridge,83,,6
9/30/2020 8:00,Spokane St. Bridge,85,,6
9/30/2020 9:00,Spokane St. Bridge,55,,6
9/30/2020 10:00,Spokane St. Bridge,26,,6
9/30/2020 11:00,Spokane St. Bridge,35,,6
9/30/2020 12:00,Spokane St. Bridge,45,,6
9/30/2020 13:00,Spokane St. Bridge,47,,6
9/30/2020 14:00,Spokane St. Bridge,67,,6
9/30/2020 15:00,Spokane St. Bridge,71,,6
9/30/2020 16:00,Spokane St. Bridge,137,,6
9/30/2020 17:00,Spokane St. Bridge,141,,6
9/30/2020 18:00,Spokane St. Bridge,86,,6
9/30/2020 19:00,Spokane St. Bridge,40,,6
9/30/2020 20:00,Spokane St. Bridge,23,,6
9/30/2020 21:00,Spokane St. Bridge,13,,6
9/30/2020 22:00,Spokane St. Bridge,15,,6
9/30/2020 23:00,Spokane St. Bridge,10,,6
7/23/2020 15:00,58th St. Greenway,14,,7
7/23/2020 16:00,58th St. Greenway,9,,7
7/23/2020 17:00,58th St. Greenway,16,,7
7/23/2020 18:00,58th St. Greenway,17,,7
7/23/2020 19:00,58th St. Greenway,21,,7
7/23/2020 20:00,58th St. Greenway,16,,7
7/23/2020 21:00,58th St. Greenway,4,,7
7/23/2020 22:00,58th St. Greenway,1,,7
7/23/2020 23:00,58th St. Greenway,1,,7
7/24/2020 0:00,58th St. Greenway,0,,7
7/24/2020 1:00,58th St. Greenway,1,,7
7/24/2020 2:00,58th St. Greenway,0,,7
7/24/2020 3:00,58th St. Greenway,0,,7
7/24/2020 4:00,58th St. Greenway,0,,7
7/24/2020 5:00,58th St. Greenway,0,,7
7/24/2020 6:00,58th St. Greenway,0,,7
7/24/2020 7:00,58th St. Greenway,1,,7
7/24/2020 8:00,58th St. Greenway,1,,7
7/24/2020 9:00,58th St. Greenway,7,,7
7/24/2020 10:00,58th St. Greenway,10,,7
7/24/2020 11:00,58th St. Greenway,3,,7
7/24/2020 12:00,58th St. Greenway,18,,7
7/24/2020 13:00,58th St. Greenway,15,,7
7/24/2020 14:00,58th St. Greenway,18,,7
7/24/2020 15:00,58th St. Greenway,11,,7
7/24/2020 16:00,58th St. Greenway,12,,7
7/24/2020 17:00,58th St. Greenway,13,,7
7/24/2020 18:00,58th St. Greenway,17,,7
7/24/2020 19:00,58th St. Greenway,5,,7
7/24/2020 20:00,58th St. Greenway,5,,7
7/24/2020 21:00,58th St. Greenway,0,,7
7/24/2020 22:00,58th St. Greenway,1,,7
7/24/2020 23:00,58th St. Greenway,0,,7
7/25/2020 0:00,58th St. Greenway,0,,7
7/25/2020 1:00,58th St. Greenway,0,,7
7/25/2020 2:00,58th St. Greenway,0,,7
7/25/2020 3:00,58th St. Greenway,0,,7
7/25/2020 4:00,58th St. Greenway,0,,7
7/25/2020 5:00,58th St. Greenway,1,,7
7/25/2020 6:00,58th St. Greenway,1,,7
7/25/2020 7:00,58th St. Greenway,2,,7
7/25/2020 8:00,58th St. Greenway,2,,7
7/25/2020 9:00,58th St. Greenway,5,,7
7/25/2020 10:00,58th St. Greenway,11,,7
7/25/2020 11:00,58th St. Greenway,15,,7
7/25/2020 12:00,58th St. Greenway,21,,7
7/25/2020 13:00,58th St. Greenway,19,,7
7/25/2020 14:00,58th St. Greenway,21,,7
7/25/2020 15:00,58th St. Greenway,20,,7
7/25/2020 16:00,58th St. Greenway,16,,7
7/25/2020 17:00,58th St. Greenway,6,,7
7/25/2020 18:00,58th St. Greenway,18,,7
7/25/2020 19:00,58th St. Greenway,8,,7
7/25/2020 20:00,58th St. Greenway,0,,7
7/25/2020 21:00,58th St. Greenway,3,,7
7/25/2020 22:00,58th St. Greenway,1,,7
7/25/2020 23:00,58th St. Greenway,3,,7
7/26/2020 0:00,58th St. Greenway,0,,7
7/26/2020 1:00,58th St. Greenway,0,,7
7/26/2020 2:00,58th St. Greenway,0,,7
7/26/2020 3:00,58th St. Greenway,1,,7
7/26/2020 4:00,58th St. Greenway,1,,7
7/26/2020 5:00,58th St. Greenway,1,,7
7/26/2020 6:00,58th St. Greenway,0,,7
7/26/2020 7:00,58th St. Greenway,3,,7
7/26/2020 8:00,58th St. Greenway,3,,7
7/26/2020 9:00,58th St. Greenway,8,,7
7/26/2020 10:00,58th St. Greenway,13,,7
7/26/2020 11:00,58th St. Greenway,20,,7
7/26/2020 12:00,58th St. Greenway,16,,7
7/26/2020 13:00,58th St. Greenway,27,,7
7/26/2020 14:00,58th St. Greenway,14,,7
7/26/2020 15:00,58th St. Greenway,17,,7
7/26/2020 16:00,58th St. Greenway,13,,7
7/26/2020 17:00,58th St. Greenway,14,,7
7/26/2020 18:00,58th St. Greenway,12,,7
7/26/2020 19:00,58th St. Greenway,10,,7
7/26/2020 20:00,58th St. Greenway,11,,7
7/26/2020 21:00,58th St. Greenway,4,,7
7/26/2020 22:00,58th St. Greenway,4,,7
7/26/2020 23:00,58th St. Greenway,1,,7
7/27/2020 0:00,58th St. Greenway,0,,7
7/27/2020 1:00,58th St. Greenway,2,,7
7/27/2020 2:00,58th St. Greenway,1,,7
7/27/2020 3:00,58th St. Greenway,0,,7
7/27/2020 4:00,58th St. Greenway,0,,7
7/27/2020 5:00,58th St. Greenway,1,,7
7/27/2020 6:00,58th St. Greenway,3,,7
7/27/2020 7:00,58th St. Greenway,6,,7
7/27/2020 8:00,58th St. Greenway,6,,7
7/27/2020 9:00,58th St. Greenway,7,,7
7/27/2020 10:00,58th St. Greenway,9,,7
7/27/2020 11:00,58th St. Greenway,7,,7
7/27/2020 12:00,58th St. Greenway,9,,7
7/27/2020 13:00,58th St. Greenway,10,,7
7/27/2020 14:00,58th St. Greenway,10,,7
7/27/2020 15:00,58th St. Greenway,6,,7
7/27/2020 16:00,58th St. Greenway,13,,7
7/27/2020 17:00,58th St. Greenway,12,,7
7/27/2020 18:00,58th St. Greenway,18,,7
7/27/2020 19:00,58th St. Greenway,13,,7
7/27/2020 20:00,58th St. Greenway,6,,7
7/27/2020 21:00,58th St. Greenway,5,,7
7/27/2020 22:00,58th St. Greenway,3,,7
7/27/2020 23:00,58th St. Greenway,0,,7
7/28/2020 0:00,58th St. Greenway,3,,7
7/28/2020 1:00,58th St. Greenway,1,,7
7/28/2020 2:00,58th St. Greenway,0,,7
7/28/2020 3:00,58th St. Greenway,0,,7
7/28/2020 4:00,58th St. Greenway,1,,7
7/28/2020 5:00,58th St. Greenway,0,,7
7/28/2020 6:00,58th St. Greenway,1,,7
7/28/2020 7:00,58th St. Greenway,5,,7
7/28/2020 8:00,58th St. Greenway,11,,7
7/28/2020 9:00,58th St. Greenway,4,,7
7/28/2020 10:00,58th St. Greenway,4,,7
7/28/2020 11:00,58th St. Greenway,9,,7
7/28/2020 12:00,58th St. Greenway,10,,7
7/28/2020 13:00,58th St. Greenway,10,,7
7/28/2020 14:00,58th St. Greenway,8,,7
7/28/2020 15:00,58th St. Greenway,9,,7
7/28/2020 16:00,58th St. Greenway,16,,7
7/28/2020 17:00,58th St. Greenway,24,,7
7/28/2020 18:00,58th St. Greenway,14,,7
7/28/2020 19:00,58th St. Greenway,8,,7
7/28/2020 20:00,58th St. Greenway,17,,7
7/28/2020 21:00,58th St. Greenway,5,,7
7/28/2020 22:00,58th St. Greenway,1,,7
7/28/2020 23:00,58th St. Greenway,0,,7
7/29/2020 0:00,58th St. Greenway,0,,7
7/29/2020 1:00,58th St. Greenway,0,,7
7/29/2020 2:00,58th St. Greenway,0,,7
7/29/2020 3:00,58th St. Greenway,2,,7
7/29/2020 4:00,58th St. Greenway,1,,7
7/29/2020 5:00,58th St. Greenway,0,,7
7/29/2020 6:00,58th St. Greenway,2,,7
7/29/2020 7:00,58th St. Greenway,2,,7
7/29/2020 8:00,58th St. Greenway,2,,7
7/29/2020 9:00,58th St. Greenway,8,,7
7/29/2020 10:00,58th St. Greenway,15,,7
7/29/2020 11:00,58th St. Greenway,7,,7
7/29/2020 12:00,58th St. Greenway,10,,7
7/29/2020 13:00,58th St. Greenway,7,,7
7/29/2020 14:00,58th St. Greenway,8,,7
7/29/2020 15:00,58th St. Greenway,8,,7
7/29/2020 16:00,58th St. Greenway,18,,7
7/29/2020 17:00,58th St. Greenway,18,,7
7/29/2020 18:00,58th St. Greenway,27,,7
7/29/2020 19:00,58th St. Greenway,22,,7
7/29/2020 20:00,58th St. Greenway,13,,7
7/29/2020 21:00,58th St. Greenway,14,,7
7/29/2020 22:00,58th St. Greenway,0,,7
7/29/2020 23:00,58th St. Greenway,3,,7
7/30/2020 0:00,58th St. Greenway,0,,7
7/30/2020 1:00,58th St. Greenway,1,,7
7/30/2020 2:00,58th St. Greenway,0,,7
7/30/2020 3:00,58th St. Greenway,2,,7
7/30/2020 4:00,58th St. Greenway,0,,7
7/30/2020 5:00,58th St. Greenway,1,,7
7/30/2020 6:00,58th St. Greenway,1,,7
7/30/2020 7:00,58th St. Greenway,4,,7
7/30/2020 8:00,58th St. Greenway,5,,7
7/30/2020 9:00,58th St. Greenway,8,,7
7/30/2020 10:00,58th St. Greenway,11,,7
7/30/2020 11:00,58th St. Greenway,14,,7
7/30/2020 12:00,58th St. Greenway,11,,7
7/30/2020 13:00,58th St. Greenway,14,,7
7/30/2020 14:00,58th St. Greenway,5,,7
7/30/2020 15:00,58th St. Greenway,12,,7
7/30/2020 16:00,58th St. Greenway,10,,7
7/30/2020 17:00,58th St. Greenway,14,,7
7/30/2020 18:00,58th St. Greenway,21,,7
7/30/2020 19:00,58th St. Greenway,12,,7
7/30/2020 20:00,58th St. Greenway,7,,7
7/30/2020 21:00,58th St. Greenway,6,,7
7/30/2020 22:00,58th St. Greenway,1,,7
7/30/2020 23:00,58th St. Greenway,0,,7
7/31/2020 0:00,58th St. Greenway,3,,7
7/31/2020 1:00,58th St. Greenway,0,,7
7/31/2020 2:00,58th St. Greenway,0,,7
7/31/2020 3:00,58th St. Greenway,0,,7
7/31/2020 4:00,58th St. Greenway,1,,7
7/31/2020 5:00,58th St. Greenway,1,,7
7/31/2020 6:00,58th St. Greenway,2,,7
7/31/2020 7:00,58th St. Greenway,7,,7
7/31/2020 8:00,58th St. Greenway,2,,7
7/31/2020 9:00,58th St. Greenway,7,,7
7/31/2020 10:00,58th St. Greenway,11,,7
7/31/2020 11:00,58th St. Greenway,13,,7
7/31/2020 12:00,58th St. Greenway,11,,7
7/31/2020 13:00,58th St. Greenway,9,,7
7/31/2020 14:00,58th St. Greenway,13,,7
7/31/2020 15:00,58th St. Greenway,5,,7
7/31/2020 16:00,58th St. Greenway,11,,7
7/31/2020 17:00,58th St. Greenway,19,,7
7/31/2020 18:00,58th St. Greenway,17,,7
7/31/2020 19:00,58th St. Greenway,12,,7
7/31/2020 20:00,58th St. Greenway,13,,7
7/31/2020 21:00,58th St. Greenway,1,,7
7/31/2020 22:00,58th St. Greenway,5,,7
7/31/2020 23:00,58th St. Greenway,0,,7